Array Size,Execution Time (seconds),Comparisons, Swaps
10000,0.000864,117534,72675
20000,0.001191,255199,155157
30000,0.001824,399696,240426
40000,0.002502,550477,330539
50000,0.003251,706118,424520
60000,0.003861,860328,511755
70000,0.004602,1018849,604018
80000,0.005362,1181014,701260
90000,0.006017,1348853,803835
100000,0.006847,1513481,899854
