Array Size,Execution Time (seconds),Comparisons, Swaps
10000,0.176946,49995000,25004999
20000,0.705200,199990000,100009999
30000,1.586621,449985000,225014999
40000,2.819706,799980000,400019999
50000,4.405992,1249975000,625024999
60000,6.346168,1799970000,900029999
70000,8.637227,2449965000,1225034999
80000,11.328460,3199960000,1600039999
90000,14.319453,4049955000,2025044999
100000,17.931860,4999950000,2500049999
